x,y
126 ,2125
127 ,2124
127 ,2123
127 ,2122
127 ,2121
127 ,2120
127 ,2119
127 ,2118
127 ,2117
127 ,2116
127 ,2115
127 ,2114
127 ,2113
127 ,2112
127 ,2111
127 ,2110
127 ,2109
127 ,2108
127 ,2107
127 ,2106
127 ,2105
127 ,2104
127 ,2103
127 ,2102
127 ,2101
127 ,2100
127 ,2099
127 ,2098
127 ,2097
127 ,2096
127 ,2095
127 ,2094
127 ,2093
127 ,2092
127 ,2091
127 ,2090
127 ,2089
127 ,2088
127 ,2087
127 ,2086
127 ,2085
127 ,2084
127 ,2083
127 ,2082
127 ,2081
127 ,2080
127 ,2079
127 ,2078
127 ,2077
127 ,2076
127 ,2075
127 ,2074
127 ,2073
127 ,2072
127 ,2071
127 ,2070
127 ,2069
127 ,2068
127 ,2067
127 ,2066
127 ,2065
127 ,2064
127 ,2063
127 ,2062
127 ,2061
127 ,2060
127 ,2059
127 ,2058
127 ,2057
127 ,2056
127 ,2055
127 ,2054
127 ,2053
127 ,2052
127 ,2051
127 ,2050
127 ,2049
127 ,2048
127 ,2047
127 ,2046
127 ,2045
127 ,2044
127 ,2043
127 ,2042
127 ,2041
127 ,2040
127 ,2039
128 ,2038
128 ,2037
128 ,2036
128 ,2035
128 ,2034
128 ,2033
128 ,2032
128 ,2031
128 ,2030
128 ,2029
128 ,2028
128 ,2027
128 ,2026
128 ,2025
128 ,2024
128 ,2023
128 ,2022
128 ,2021
128 ,2020
128 ,2019
128 ,2018
128 ,2017
128 ,2016
128 ,2015
128 ,2014
128 ,2013
128 ,2012
128 ,2011
128 ,2010
128 ,2009
128 ,2008
128 ,2007
128 ,2006
128 ,2005
128 ,2004
128 ,2003
128 ,2002
128 ,2001
128 ,2000
128 ,1999
128 ,1998
128 ,1997
128 ,1996
128 ,1995
128 ,1994
128 ,1993
128 ,1992
128 ,1991
128 ,1990
128 ,1989
128 ,1988
128 ,1987
128 ,1986
129 ,1985
129 ,1984
129 ,1983
129 ,1982
129 ,1981
129 ,1980
129 ,1979
129 ,1978
129 ,1977
129 ,1976
129 ,1975
129 ,1974
129 ,1973
129 ,1972
129 ,1971
129 ,1970
129 ,1969
129 ,1968
129 ,1967
129 ,1966
129 ,1965
129 ,1964
129 ,1963
129 ,1962
129 ,1961
129 ,1960
129 ,1959
129 ,1958
129 ,1957
129 ,1956
129 ,1955
129 ,1954
129 ,1953
129 ,1952
129 ,1951
129 ,1950
130 ,1949
130 ,1948
130 ,1947
130 ,1946
130 ,1945
130 ,1944
130 ,1943
130 ,1942
130 ,1941
130 ,1940
130 ,1939
130 ,1938
130 ,1937
130 ,1936
130 ,1935
130 ,1934
130 ,1933
130 ,1932
130 ,1931
131 ,1930
131 ,1929
131 ,1928
131 ,1927
131 ,1926
131 ,1925
131 ,1924
131 ,1923
131 ,1922
131 ,1921
131 ,1920
131 ,1919
131 ,1918
132 ,1917
132 ,1916
132 ,1915
132 ,1914
132 ,1913
132 ,1912
132 ,1911
132 ,1910
132 ,1909
132 ,1908
132 ,1907
132 ,1906
132 ,1905
133 ,1904
133 ,1903
133 ,1902
133 ,1901
133 ,1900
133 ,1899
133 ,1898
133 ,1897
133 ,1896
133 ,1895
133 ,1894
133 ,1893
133 ,1892
134 ,1891
134 ,1890
134 ,1889
134 ,1888
134 ,1887
134 ,1886
134 ,1885
134 ,1884
134 ,1883
134 ,1882
134 ,1881
134 ,1880
134 ,1879
134 ,1878
135 ,1877
135 ,1876
135 ,1875
135 ,1874
135 ,1873
135 ,1872
135 ,1871
135 ,1870
135 ,1869
135 ,1868
135 ,1867
135 ,1866
135 ,1865
136 ,1864
136 ,1863
136 ,1862
136 ,1861
136 ,1860
136 ,1859
136 ,1858
136 ,1857
136 ,1856
136 ,1855
136 ,1854
136 ,1853
136 ,1852
136 ,1851
137 ,1850
137 ,1849
137 ,1848
137 ,1847
137 ,1846
137 ,1845
137 ,1844
137 ,1843
137 ,1842
137 ,1841
137 ,1840
137 ,1839
137 ,1838
138 ,1837
138 ,1836
138 ,1835
138 ,1834
138 ,1833
138 ,1832
138 ,1831
138 ,1830
138 ,1829
138 ,1828
138 ,1827
138 ,1826
138 ,1825
139 ,1824
139 ,1823
139 ,1822
139 ,1821
139 ,1820
139 ,1819
139 ,1818
139 ,1817
139 ,1816
139 ,1815
139 ,1814
139 ,1813
139 ,1812
140 ,1811
140 ,1810
140 ,1809
140 ,1808
140 ,1807
140 ,1806
140 ,1805
140 ,1804
140 ,1803
140 ,1802
140 ,1801
140 ,1800
140 ,1799
140 ,1798
141 ,1797
141 ,1796
141 ,1795
141 ,1794
141 ,1793
141 ,1792
141 ,1791
141 ,1790
141 ,1789
141 ,1788
141 ,1787
141 ,1786
141 ,1785
142 ,1784
142 ,1783
142 ,1782
142 ,1781
142 ,1780
142 ,1779
142 ,1778
142 ,1777
142 ,1776
142 ,1775
142 ,1774
142 ,1773
142 ,1772
143 ,1771
143 ,1770
143 ,1769
143 ,1768
143 ,1767
143 ,1766
143 ,1765
143 ,1764
143 ,1763
143 ,1762
143 ,1761
143 ,1760
143 ,1759
144 ,1758
144 ,1757
144 ,1756
144 ,1755
144 ,1754
144 ,1753
144 ,1752
144 ,1751
144 ,1750
144 ,1749
144 ,1748
144 ,1747
144 ,1746
144 ,1745
145 ,1744
145 ,1743
145 ,1742
145 ,1741
145 ,1740
145 ,1739
145 ,1738
145 ,1737
145 ,1736
145 ,1735
145 ,1734
145 ,1733
145 ,1732
146 ,1731
146 ,1730
146 ,1729
146 ,1728
146 ,1727
146 ,1726
146 ,1725
146 ,1724
146 ,1723
146 ,1722
146 ,1721
146 ,1720
146 ,1719
147 ,1718
147 ,1717
147 ,1716
147 ,1715
147 ,1714
147 ,1713
147 ,1712
147 ,1711
147 ,1710
147 ,1709
147 ,1708
147 ,1707
147 ,1706
148 ,1705
148 ,1704
148 ,1703
148 ,1702
148 ,1701
148 ,1700
148 ,1699
148 ,1698
148 ,1697
148 ,1696
148 ,1695
148 ,1694
148 ,1693
149 ,1692
149 ,1691
149 ,1690
149 ,1689
149 ,1688
149 ,1687
149 ,1686
149 ,1685
149 ,1684
149 ,1683
149 ,1682
149 ,1681
149 ,1680
150 ,1679
150 ,1678
150 ,1677
150 ,1676
150 ,1675
150 ,1674
150 ,1673
150 ,1672
150 ,1671
150 ,1670
150 ,1669
150 ,1668
151 ,1667
151 ,1666
151 ,1665
151 ,1664
151 ,1663
151 ,1662
151 ,1661
151 ,1660
151 ,1659
151 ,1658
151 ,1657
151 ,1656
152 ,1655
152 ,1654
152 ,1653
152 ,1652
152 ,1651
152 ,1650
152 ,1649
152 ,1648
152 ,1647
152 ,1646
152 ,1645
152 ,1644
152 ,1643
153 ,1642
153 ,1641
153 ,1640
153 ,1639
153 ,1638
153 ,1637
153 ,1636
153 ,1635
153 ,1634
153 ,1633
153 ,1632
154 ,1631
154 ,1630
154 ,1629
154 ,1628
154 ,1627
154 ,1626
154 ,1625
154 ,1624
154 ,1623
154 ,1622
154 ,1621
154 ,1620
155 ,1619
155 ,1618
155 ,1617
155 ,1616
155 ,1615
155 ,1614
155 ,1613
155 ,1612
155 ,1611
155 ,1610
155 ,1609
155 ,1608
156 ,1607
156 ,1606
156 ,1605
156 ,1604
156 ,1603
156 ,1602
156 ,1601
156 ,1600
156 ,1599
156 ,1598
157 ,1597
157 ,1596
157 ,1595
157 ,1594
157 ,1593
157 ,1592
157 ,1591
157 ,1590
157 ,1589
157 ,1588
157 ,1587
158 ,1586
158 ,1585
158 ,1584
158 ,1583
158 ,1582
158 ,1581
158 ,1580
158 ,1579
158 ,1578
159 ,1577
159 ,1576
159 ,1575
159 ,1574
159 ,1573
159 ,1572
159 ,1571
159 ,1570
159 ,1569
160 ,1568
160 ,1567
160 ,1566
160 ,1565
160 ,1564
160 ,1563
160 ,1562
161 ,1561
161 ,1560
161 ,1559
161 ,1558
161 ,1557
161 ,1556
161 ,1555
162 ,1554
162 ,1553
162 ,1552
162 ,1551
162 ,1550
162 ,1549
162 ,1548
163 ,1547
163 ,1546
163 ,1545
163 ,1544
163 ,1543
163 ,1542
163 ,1541
164 ,1540
164 ,1539
164 ,1538
164 ,1537
164 ,1536
164 ,1535
164 ,1534
165 ,1533
165 ,1532
165 ,1531
165 ,1530
165 ,1529
165 ,1528
165 ,1527
166 ,1526
166 ,1525
166 ,1524
166 ,1523
166 ,1522
166 ,1521
166 ,1520
167 ,1519
167 ,1518
167 ,1517
167 ,1516
167 ,1515
167 ,1514
168 ,1513
168 ,1512
168 ,1511
168 ,1510
168 ,1509
168 ,1508
168 ,1507
169 ,1506
169 ,1505
169 ,1504
169 ,1503
169 ,1502
169 ,1501
169 ,1500
170 ,1499
170 ,1498
170 ,1497
170 ,1496
170 ,1495
170 ,1494
171 ,1493
171 ,1492
171 ,1491
171 ,1490
171 ,1489
171 ,1488
171 ,1487
172 ,1486
172 ,1485
172 ,1484
172 ,1483
172 ,1482
172 ,1481
173 ,1480
173 ,1479
173 ,1478
173 ,1477
173 ,1476
173 ,1475
173 ,1474
174 ,1473
174 ,1472
174 ,1471
174 ,1470
174 ,1469
174 ,1468
174 ,1467
175 ,1466
175 ,1465
175 ,1464
175 ,1463
175 ,1462
175 ,1461
176 ,1460
176 ,1459
176 ,1458
176 ,1457
176 ,1456
176 ,1455
176 ,1454
177 ,1453
177 ,1452
177 ,1451
177 ,1450
177 ,1449
177 ,1448
178 ,1447
178 ,1446
178 ,1445
178 ,1444
178 ,1443
178 ,1442
179 ,1441
179 ,1440
179 ,1439
179 ,1438
179 ,1437
179 ,1436
179 ,1435
180 ,1434
180 ,1433
180 ,1432
180 ,1431
180 ,1430
180 ,1429
181 ,1428
181 ,1427
181 ,1426
181 ,1425
181 ,1424
181 ,1423
181 ,1422
182 ,1421
182 ,1420
182 ,1419
182 ,1418
182 ,1417
182 ,1416
183 ,1415
183 ,1414
183 ,1413
183 ,1412
183 ,1411
183 ,1410
183 ,1409
184 ,1408
184 ,1407
184 ,1406
184 ,1405
184 ,1404
184 ,1403
185 ,1402
185 ,1401
185 ,1400
185 ,1399
185 ,1398
185 ,1397
186 ,1396
186 ,1395
186 ,1394
186 ,1393
186 ,1392
186 ,1391
186 ,1390
187 ,1389
187 ,1388
187 ,1387
187 ,1386
187 ,1385
187 ,1384
188 ,1383
188 ,1382
188 ,1381
188 ,1380
188 ,1379
188 ,1378
189 ,1377
189 ,1376
189 ,1375
189 ,1374
189 ,1373
189 ,1372
189 ,1371
190 ,1370
190 ,1369
190 ,1368
190 ,1367
190 ,1366
190 ,1365
191 ,1364
191 ,1363
191 ,1362
191 ,1361
191 ,1360
191 ,1359
192 ,1358
192 ,1357
192 ,1356
192 ,1355
192 ,1354
192 ,1353
192 ,1352
193 ,1351
193 ,1350
193 ,1349
193 ,1348
193 ,1347
193 ,1346
194 ,1345
194 ,1344
194 ,1343
194 ,1342
194 ,1341
194 ,1340
195 ,1339
195 ,1338
195 ,1337
195 ,1336
195 ,1335
195 ,1334
196 ,1333
196 ,1332
196 ,1331
196 ,1330
196 ,1329
196 ,1328
196 ,1327
197 ,1326
197 ,1325
197 ,1324
197 ,1323
197 ,1322
197 ,1321
198 ,1320
198 ,1319
198 ,1318
198 ,1317
198 ,1316
198 ,1315
199 ,1314
199 ,1313
199 ,1312
199 ,1311
199 ,1310
199 ,1309
199 ,1308
200 ,1307
200 ,1306
200 ,1305
200 ,1304
200 ,1303
200 ,1302
201 ,1301
201 ,1300
201 ,1299
201 ,1298
201 ,1297
201 ,1296
202 ,1295
202 ,1294
202 ,1293
202 ,1292
202 ,1291
202 ,1290
203 ,1289
203 ,1288
203 ,1287
203 ,1286
203 ,1285
203 ,1284
204 ,1283
204 ,1282
204 ,1281
204 ,1280
204 ,1279
204 ,1278
205 ,1277
205 ,1276
205 ,1275
205 ,1274
205 ,1273
205 ,1272
205 ,1271
206 ,1270
206 ,1269
206 ,1268
206 ,1267
206 ,1266
206 ,1265
207 ,1264
207 ,1263
207 ,1262
207 ,1261
207 ,1260
207 ,1259
208 ,1258
208 ,1257
208 ,1256
208 ,1255
208 ,1254
208 ,1253
209 ,1252
209 ,1251
209 ,1250
209 ,1249
209 ,1248
209 ,1247
210 ,1246
210 ,1245
210 ,1244
210 ,1243
210 ,1242
210 ,1241
211 ,1240
211 ,1239
211 ,1238
211 ,1237
211 ,1236
211 ,1235
212 ,1234
212 ,1233
212 ,1232
212 ,1231
212 ,1230
212 ,1229
213 ,1228
213 ,1227
213 ,1226
213 ,1225
213 ,1224
213 ,1223
214 ,1222
214 ,1221
214 ,1220
214 ,1219
214 ,1218
214 ,1217
215 ,1216
215 ,1215
215 ,1214
215 ,1213
215 ,1212
215 ,1211
216 ,1210
216 ,1209
216 ,1208
216 ,1207
216 ,1206
216 ,1205
217 ,1204
217 ,1203
217 ,1202
217 ,1201
217 ,1200
217 ,1199
218 ,1198
218 ,1197
218 ,1196
218 ,1195
218 ,1194
218 ,1193
219 ,1192
219 ,1191
219 ,1190
219 ,1189
219 ,1188
219 ,1187
220 ,1186
220 ,1185
220 ,1184
220 ,1183
220 ,1182
220 ,1181
221 ,1180
221 ,1179
221 ,1178
221 ,1177
221 ,1176
221 ,1175
222 ,1174
222 ,1173
222 ,1172
222 ,1171
222 ,1170
222 ,1169
223 ,1168
223 ,1167
223 ,1166
223 ,1165
223 ,1164
224 ,1163
224 ,1162
224 ,1161
224 ,1160
224 ,1159
224 ,1158
225 ,1157
225 ,1156
225 ,1155
225 ,1154
225 ,1153
225 ,1152
226 ,1151
226 ,1150
226 ,1149
226 ,1148
226 ,1147
227 ,1146
227 ,1145
227 ,1144
227 ,1143
227 ,1142
227 ,1141
227 ,1140
228 ,1139
228 ,1138
228 ,1137
228 ,1136
228 ,1135
228 ,1134
228 ,1133
228 ,1132
229 ,1131
229 ,1130
229 ,1129
229 ,1128
229 ,1127
229 ,1126
229 ,1125
229 ,1124
229 ,1123
230 ,1122
230 ,1121
230 ,1120
230 ,1119
230 ,1118
230 ,1117
230 ,1116
230 ,1115
230 ,1114
230 ,1113
230 ,1112
231 ,1111
231 ,1110
231 ,1109
231 ,1108
231 ,1107
231 ,1106
231 ,1105
231 ,1104
231 ,1103
231 ,1102
231 ,1101
231 ,1100
231 ,1099
231 ,1098
232 ,1097
232 ,1096
232 ,1095
232 ,1094
232 ,1093
232 ,1092
232 ,1091
232 ,1090
232 ,1089
232 ,1088
232 ,1087
232 ,1086
232 ,1085
232 ,1084
232 ,1083
232 ,1082
232 ,1081
232 ,1080
232 ,1079
233 ,1078
233 ,1077
233 ,1076
233 ,1075
233 ,1074
233 ,1073
233 ,1072
233 ,1071
233 ,1070
233 ,1069
233 ,1068
233 ,1067
233 ,1066
233 ,1065
233 ,1064
233 ,1063
233 ,1062
233 ,1061
233 ,1060
233 ,1059
233 ,1058
233 ,1057
233 ,1056
233 ,1055
233 ,1054
233 ,1053
233 ,1052
233 ,1051
233 ,1050
233 ,1049
233 ,1048
233 ,1047
233 ,1046
233 ,1045
233 ,1044
233 ,1043
233 ,1042
233 ,1041
233 ,1040
233 ,1039
233 ,1038
233 ,1037
233 ,1036
233 ,1035
233 ,1034
233 ,1033
233 ,1032
233 ,1031
233 ,1030
233 ,1029
233 ,1028
233 ,1027
233 ,1026
233 ,1025
233 ,1024
233 ,1023
233 ,1022
233 ,1021
233 ,1020
233 ,1019
233 ,1018
233 ,1017
233 ,1016
233 ,1015
233 ,1014
233 ,1013
233 ,1012
233 ,1011
233 ,1010
233 ,1009
233 ,1008
233 ,1007
233 ,1006
233 ,1005
233 ,1004
233 ,1003
233 ,1002
233 ,1001
233 ,1000
233 , 999
233 , 998
233 , 997
233 , 996
233 , 995
233 , 994
233 , 993
232 , 992
232 , 991
232 , 990
232 , 989
232 , 988
232 , 987
232 , 986
232 , 985
232 , 984
232 , 983
232 , 982
232 , 981
232 , 980
231 , 979
231 , 978
231 , 977
231 , 976
231 , 975
231 , 974
231 , 973
231 , 972
230 , 971
230 , 970
230 , 969
230 , 968
230 , 967
230 , 966
230 , 965
229 , 964
229 , 963
229 , 962
229 , 961
229 , 960
228 , 959
228 , 958
228 , 957
228 , 956
228 , 955
227 , 954
227 , 953
227 , 952
227 , 951
226 , 950
227 , 949
228 , 948
229 , 947
230 , 946
231 , 945
232 , 944
233 , 943
234 , 942
235 , 941
236 , 940
237 , 939
238 , 938
239 , 937
240 , 936
241 , 936
242 , 936
243 , 936
244 , 936
245 , 936
246 , 936
247 , 936
248 , 936
249 , 936
250 , 936
251 , 936
252 , 936
253 , 936
254 , 936
255 , 936
256 , 936
257 , 937
258 , 938
259 , 939
260 , 940
261 , 941
261 , 942
261 , 943
261 , 944
261 , 945
261 , 946
261 , 947
261 , 948
262 , 949
263 , 950
264 , 951
265 , 952
266 , 953
267 , 954
268 , 955
268 , 956
268 , 957
268 , 958
268 , 959
268 , 960
268 , 961
268 , 962
268 , 963
268 , 964
269 , 965
270 , 966
271 , 967
272 , 968
273 , 969
274 , 970
275 , 971
276 , 972
277 , 973
278 , 974
278 , 975
278 , 976
278 , 977
278 , 978
278 , 979
278 , 980
278 , 981
279 , 982
280 , 983
281 , 984
282 , 985
283 , 986
284 , 987
285 , 988
285 , 989
285 , 990
285 , 991
285 , 992
285 , 993
285 , 994
285 , 995
285 , 996
285 , 997
285 , 998
285 , 999
285 ,1000
285 ,1001
285 ,1002
285 ,1003
285 ,1004
285 ,1005
285 ,1006
285 ,1007
285 ,1008
285 ,1009
286 ,1010
287 ,1011
288 ,1012
289 ,1013
289 ,1014
289 ,1015
289 ,1016
289 ,1017
289 ,1018
289 ,1019
289 ,1020
289 ,1021
289 ,1022
289 ,1023
289 ,1024
289 ,1025
289 ,1026
289 ,1027
289 ,1028
289 ,1029
289 ,1030
289 ,1031
289 ,1032
289 ,1033
289 ,1034
289 ,1035
289 ,1036
289 ,1037
289 ,1038
289 ,1039
289 ,1040
289 ,1041
289 ,1042
289 ,1043
289 ,1044
289 ,1045
289 ,1046
289 ,1047
289 ,1048
289 ,1049
288 ,1050
287 ,1051
286 ,1052
285 ,1053
284 ,1054
283 ,1055
283 ,1056
283 ,1057
283 ,1058
283 ,1059
283 ,1060
283 ,1061
283 ,1062
283 ,1063
283 ,1064
283 ,1065
283 ,1066
283 ,1067
283 ,1068
283 ,1069
283 ,1070
283 ,1071
283 ,1072
283 ,1073
283 ,1074
283 ,1075
283 ,1076
283 ,1077
283 ,1078
283 ,1079
282 ,1080
282 ,1081
282 ,1082
282 ,1083
282 ,1084
282 ,1085
282 ,1086
282 ,1087
282 ,1088
281 ,1089
281 ,1090
281 ,1091
281 ,1092
281 ,1093
281 ,1094
281 ,1095
281 ,1096
281 ,1097
281 ,1098
281 ,1099
281 ,1100
281 ,1101
281 ,1102
281 ,1103
281 ,1104
281 ,1105
281 ,1106
281 ,1107
281 ,1108
281 ,1109
281 ,1110
281 ,1111
282 ,1112
282 ,1113
282 ,1114
282 ,1115
282 ,1116
282 ,1117
282 ,1118
282 ,1119
282 ,1120
282 ,1121
282 ,1122
282 ,1123
282 ,1124
282 ,1125
281 ,1126
280 ,1127
280 ,1128
279 ,1129
278 ,1130
278 ,1131
278 ,1132
277 ,1133
276 ,1134
276 ,1135
276 ,1136
276 ,1137
275 ,1137
274 ,1137
273 ,1137
272 ,1137
271 ,1138
270 ,1139
269 ,1140
268 ,1140
267 ,1141
266 ,1142
265 ,1143
264 ,1144
263 ,1145
262 ,1146
261 ,1147
260 ,1148
259 ,1149
258 ,1150
257 ,1151
257 ,1152
257 ,1153
257 ,1154
257 ,1155
257 ,1156
257 ,1157
257 ,1158
257 ,1159
257 ,1160
257 ,1161
257 ,1162
257 ,1163
256 ,1164
255 ,1165
254 ,1166
253 ,1167
253 ,1168
253 ,1169
253 ,1170
253 ,1171
253 ,1172
253 ,1173
253 ,1174
253 ,1175
253 ,1176
253 ,1177
253 ,1178
253 ,1179
253 ,1180
253 ,1181
253 ,1182
253 ,1183
253 ,1184
253 ,1185
253 ,1186
253 ,1187
253 ,1188
253 ,1189
253 ,1190
253 ,1191
253 ,1192
254 ,1193
254 ,1194
254 ,1195
254 ,1196
254 ,1197
254 ,1198
255 ,1199
255 ,1200
255 ,1201
255 ,1202
255 ,1203
255 ,1204
256 ,1205
256 ,1206
256 ,1207
256 ,1208
256 ,1209
256 ,1210
257 ,1211
257 ,1212
257 ,1213
257 ,1214
257 ,1215
257 ,1216
258 ,1217
258 ,1218
258 ,1219
258 ,1220
258 ,1221
258 ,1222
259 ,1223
259 ,1224
259 ,1225
259 ,1226
259 ,1227
259 ,1228
259 ,1229
260 ,1230
260 ,1231
260 ,1232
260 ,1233
260 ,1234
260 ,1235
261 ,1236
261 ,1237
261 ,1238
261 ,1239
261 ,1240
261 ,1241
262 ,1242
262 ,1243
262 ,1244
262 ,1245
262 ,1246
262 ,1247
263 ,1248
263 ,1249
263 ,1250
263 ,1251
263 ,1252
263 ,1253
263 ,1254
264 ,1255
264 ,1256
264 ,1257
264 ,1258
264 ,1259
264 ,1260
265 ,1261
265 ,1262
265 ,1263
265 ,1264
265 ,1265
265 ,1266
266 ,1267
266 ,1268
266 ,1269
266 ,1270
266 ,1271
266 ,1272
267 ,1273
267 ,1274
267 ,1275
267 ,1276
267 ,1277
267 ,1278
267 ,1279
268 ,1280
268 ,1281
268 ,1282
268 ,1283
268 ,1284
268 ,1285
269 ,1286
269 ,1287
269 ,1288
269 ,1289
269 ,1290
269 ,1291
270 ,1292
270 ,1293
270 ,1294
270 ,1295
270 ,1296
270 ,1297
271 ,1298
271 ,1299
271 ,1300
271 ,1301
271 ,1302
271 ,1303
272 ,1304
272 ,1305
272 ,1306
272 ,1307
272 ,1308
272 ,1309
273 ,1310
273 ,1311
273 ,1312
273 ,1313
273 ,1314
273 ,1315
274 ,1316
274 ,1317
274 ,1318
274 ,1319
274 ,1320
274 ,1321
275 ,1322
275 ,1323
275 ,1324
275 ,1325
275 ,1326
275 ,1327
275 ,1328
275 ,1329
275 ,1330
275 ,1331
275 ,1332
275 ,1333
275 ,1334
275 ,1335
275 ,1336
274 ,1337
273 ,1338
272 ,1339
271 ,1340
271 ,1341
271 ,1342
271 ,1343
271 ,1344
271 ,1345
271 ,1346
271 ,1347
271 ,1348
271 ,1349
271 ,1350
271 ,1351
271 ,1352
271 ,1353
271 ,1354
271 ,1355
271 ,1356
271 ,1357
271 ,1358
271 ,1359
271 ,1360
271 ,1361
271 ,1362
271 ,1363
271 ,1364
271 ,1365
271 ,1366
271 ,1367
272 ,1368
272 ,1369
272 ,1370
272 ,1371
272 ,1372
272 ,1373
272 ,1374
272 ,1375
273 ,1376
273 ,1377
273 ,1378
273 ,1379
273 ,1380
273 ,1381
273 ,1382
274 ,1383
274 ,1384
274 ,1385
274 ,1386
274 ,1387
274 ,1388
274 ,1389
275 ,1390
275 ,1391
275 ,1392
275 ,1393
275 ,1394
275 ,1395
275 ,1396
275 ,1397
276 ,1398
276 ,1399
276 ,1400
276 ,1401
276 ,1402
276 ,1403
276 ,1404
277 ,1405
277 ,1406
277 ,1407
277 ,1408
277 ,1409
277 ,1410
277 ,1411
278 ,1412
278 ,1413
278 ,1414
278 ,1415
278 ,1416
278 ,1417
278 ,1418
278 ,1419
279 ,1420
279 ,1421
279 ,1422
279 ,1423
279 ,1424
279 ,1425
279 ,1426
280 ,1427
280 ,1428
280 ,1429
280 ,1430
280 ,1431
280 ,1432
280 ,1433
280 ,1434
281 ,1435
281 ,1436
281 ,1437
281 ,1438
281 ,1439
281 ,1440
281 ,1441
282 ,1442
282 ,1443
282 ,1444
282 ,1445
282 ,1446
282 ,1447
282 ,1448
283 ,1449
283 ,1450
283 ,1451
283 ,1452
283 ,1453
283 ,1454
283 ,1455
283 ,1456
283 ,1457
284 ,1458
285 ,1459
285 ,1460
285 ,1461
285 ,1462
285 ,1463
285 ,1464
285 ,1465
285 ,1466
285 ,1467
285 ,1468
285 ,1469
285 ,1470
285 ,1471
286 ,1472
286 ,1473
287 ,1474
287 ,1475
287 ,1476
287 ,1477
287 ,1478
287 ,1479
287 ,1480
287 ,1481
287 ,1482
287 ,1483
287 ,1484
287 ,1485
288 ,1486
289 ,1487
289 ,1488
289 ,1489
289 ,1490
289 ,1491
289 ,1492
289 ,1493
289 ,1494
290 ,1495
291 ,1496
292 ,1497
292 ,1498
292 ,1499
292 ,1500
292 ,1501
292 ,1502
292 ,1503
292 ,1504
292 ,1505
292 ,1506
292 ,1507
292 ,1508
292 ,1509
292 ,1510
292 ,1511
292 ,1512
292 ,1513
292 ,1514
292 ,1515
292 ,1516
292 ,1517
292 ,1518
292 ,1519
292 ,1520
293 ,1521
294 ,1522
294 ,1523
294 ,1524
294 ,1525
294 ,1526
294 ,1527
294 ,1528
294 ,1529
294 ,1530
294 ,1531
294 ,1532
294 ,1533
294 ,1534
294 ,1535
294 ,1536
295 ,1537
296 ,1538
296 ,1539
296 ,1540
296 ,1541
296 ,1542
296 ,1543
296 ,1544
296 ,1545
296 ,1546
296 ,1547
296 ,1548
296 ,1549
296 ,1550
296 ,1551
296 ,1552
296 ,1553
297 ,1554
297 ,1555
297 ,1556
297 ,1557
297 ,1558
297 ,1559
297 ,1560
298 ,1561
298 ,1562
298 ,1563
298 ,1564
298 ,1565
298 ,1566
298 ,1567
299 ,1568
299 ,1569
299 ,1570
299 ,1571
299 ,1572
299 ,1573
299 ,1574
299 ,1575
300 ,1576
300 ,1577
300 ,1578
300 ,1579
300 ,1580
300 ,1581
300 ,1582
301 ,1583
301 ,1584
301 ,1585
301 ,1586
301 ,1587
301 ,1588
301 ,1589
302 ,1590
302 ,1591
302 ,1592
302 ,1593
302 ,1594
302 ,1595
302 ,1596
302 ,1597
303 ,1598
303 ,1599
303 ,1600
303 ,1601
303 ,1602
303 ,1603
303 ,1604
303 ,1605
303 ,1606
303 ,1607
303 ,1608
303 ,1609
303 ,1610
303 ,1611
303 ,1612
303 ,1613
303 ,1614
303 ,1615
303 ,1616
303 ,1617
303 ,1618
303 ,1619
303 ,1620
303 ,1621
303 ,1622
303 ,1623
304 ,1624
305 ,1625
306 ,1626
306 ,1627
306 ,1628
306 ,1629
306 ,1630
306 ,1631
306 ,1632
306 ,1633
306 ,1634
306 ,1635
306 ,1636
306 ,1637
306 ,1638
306 ,1639
306 ,1640
306 ,1641
306 ,1642
306 ,1643
306 ,1644
306 ,1645
306 ,1646
306 ,1647
306 ,1648
306 ,1649
306 ,1650
306 ,1651
307 ,1652
308 ,1653
308 ,1654
308 ,1655
308 ,1656
308 ,1657
308 ,1658
308 ,1659
308 ,1660
308 ,1661
308 ,1662
308 ,1663
308 ,1664
308 ,1665
308 ,1666
308 ,1667
308 ,1668
308 ,1669
309 ,1670
310 ,1671
310 ,1672
310 ,1673
310 ,1674
310 ,1675
310 ,1676
310 ,1677
310 ,1678
310 ,1679
310 ,1680
310 ,1681
310 ,1682
310 ,1683
310 ,1684
310 ,1685
310 ,1686
310 ,1687
310 ,1688
310 ,1689
310 ,1690
310 ,1691
310 ,1692
310 ,1693
310 ,1694
310 ,1695
310 ,1696
310 ,1697
311 ,1698
312 ,1699
313 ,1700
314 ,1701
315 ,1702
315 ,1703
315 ,1704
315 ,1705
315 ,1706
315 ,1707
315 ,1708
315 ,1709
315 ,1710
315 ,1711
315 ,1712
315 ,1713
315 ,1714
315 ,1715
315 ,1716
315 ,1717
315 ,1718
315 ,1719
315 ,1720
315 ,1721
315 ,1722
315 ,1723
316 ,1724
317 ,1725
318 ,1726
319 ,1727
320 ,1728
320 ,1729
320 ,1730
320 ,1731
320 ,1732
320 ,1733
320 ,1734
320 ,1735
320 ,1736
320 ,1737
321 ,1738
322 ,1739
322 ,1740
322 ,1741
322 ,1742
322 ,1743
322 ,1744
322 ,1745
322 ,1746
323 ,1747
324 ,1748
324 ,1749
324 ,1750
324 ,1751
324 ,1752
324 ,1753
324 ,1754
324 ,1755
324 ,1756
324 ,1757
324 ,1758
324 ,1759
324 ,1760
324 ,1761
324 ,1762
324 ,1763
325 ,1764
326 ,1765
327 ,1766
327 ,1767
328 ,1768
329 ,1769
329 ,1770
329 ,1771
329 ,1772
329 ,1773
329 ,1774
329 ,1775
329 ,1776
329 ,1777
329 ,1778
329 ,1779
329 ,1780
329 ,1781
329 ,1782
329 ,1783
329 ,1784
330 ,1785
331 ,1786
331 ,1787
331 ,1788
331 ,1789
331 ,1790
331 ,1791
332 ,1792
333 ,1793
334 ,1794
334 ,1795
334 ,1796
334 ,1797
334 ,1798
334 ,1799
334 ,1800
334 ,1801
334 ,1802
334 ,1803
334 ,1804
334 ,1805
334 ,1806
334 ,1807
335 ,1808
336 ,1809
336 ,1810
336 ,1811
336 ,1812
336 ,1813
336 ,1814
336 ,1815
336 ,1816
336 ,1817
336 ,1818
336 ,1819
336 ,1820
336 ,1821
336 ,1822
336 ,1823
336 ,1824
336 ,1825
336 ,1826
336 ,1827
336 ,1828
337 ,1829
338 ,1830
338 ,1831
338 ,1832
338 ,1833
338 ,1834
338 ,1835
338 ,1836
338 ,1837
338 ,1838
338 ,1839
338 ,1840
338 ,1841
338 ,1842
338 ,1843
338 ,1844
338 ,1845
338 ,1846
338 ,1847
338 ,1848
338 ,1849
338 ,1850
338 ,1851
338 ,1852
338 ,1853
338 ,1854
338 ,1855
338 ,1856
338 ,1857
338 ,1858
338 ,1859
338 ,1860
338 ,1861
338 ,1862
338 ,1863
338 ,1864
338 ,1865
338 ,1866
338 ,1867
338 ,1868
338 ,1869
338 ,1870
338 ,1871
338 ,1872
338 ,1873
338 ,1874
338 ,1875
338 ,1876
338 ,1877
338 ,1878
338 ,1879
338 ,1880
338 ,1881
338 ,1882
338 ,1883
338 ,1884
338 ,1885
338 ,1886
338 ,1887
338 ,1888
338 ,1889
338 ,1890
338 ,1891
338 ,1892
338 ,1893
337 ,1894
336 ,1895
336 ,1896
336 ,1897
336 ,1898
336 ,1899
336 ,1900
336 ,1901
336 ,1902
336 ,1903
336 ,1904
336 ,1905
336 ,1906
336 ,1907
336 ,1908
336 ,1909
336 ,1910
336 ,1911
336 ,1912
336 ,1913
336 ,1914
336 ,1915
336 ,1916
336 ,1917
336 ,1918
336 ,1919
336 ,1920
336 ,1921
336 ,1922
336 ,1923
336 ,1924
336 ,1925
336 ,1926
336 ,1927
336 ,1928
336 ,1929
336 ,1930
336 ,1931
336 ,1932
336 ,1933
336 ,1934
336 ,1935
336 ,1936
336 ,1937
336 ,1938
336 ,1939
336 ,1940
336 ,1941
336 ,1942
336 ,1943
336 ,1944
336 ,1945
336 ,1946
336 ,1947
336 ,1948
336 ,1949
336 ,1950
336 ,1951
336 ,1952
336 ,1953
336 ,1954
336 ,1955
336 ,1956
337 ,1957
338 ,1958
338 ,1959
338 ,1960
338 ,1961
338 ,1962
338 ,1963
338 ,1964
338 ,1965
338 ,1966
338 ,1967
338 ,1968
338 ,1969
338 ,1970
338 ,1971
338 ,1972
338 ,1973
338 ,1974
338 ,1975
338 ,1976
338 ,1977
338 ,1978
338 ,1979
338 ,1980
339 ,1981
340 ,1982
341 ,1983
341 ,1984
341 ,1985
341 ,1986
341 ,1987
341 ,1988
341 ,1989
342 ,1990
343 ,1991
343 ,1992
343 ,1993
343 ,1994
343 ,1995
343 ,1996
343 ,1997
343 ,1998
343 ,1999
343 ,2000
343 ,2001
343 ,2002
343 ,2003
343 ,2004
343 ,2005
343 ,2006
343 ,2007
343 ,2008
343 ,2009
343 ,2010
343 ,2011
343 ,2012
344 ,2013
345 ,2014
345 ,2015
345 ,2016
345 ,2017
345 ,2018
345 ,2019
346 ,2020
347 ,2021
348 ,2022
348 ,2023
348 ,2024
348 ,2025
348 ,2026
348 ,2027
348 ,2028
348 ,2029
348 ,2030
348 ,2031
348 ,2032
348 ,2033
348 ,2034
348 ,2035
348 ,2036
348 ,2037
348 ,2038
348 ,2039
348 ,2040
349 ,2041
350 ,2042
350 ,2043
350 ,2044
350 ,2045
350 ,2046
350 ,2047
350 ,2048
350 ,2049
350 ,2050
350 ,2051
350 ,2052
350 ,2053
350 ,2054
350 ,2055
350 ,2056
350 ,2057
350 ,2058
350 ,2059
350 ,2060
350 ,2061
350 ,2062
350 ,2063
350 ,2064
350 ,2065
350 ,2066
350 ,2067
350 ,2068
350 ,2069
350 ,2070
350 ,2071
350 ,2072
350 ,2073
350 ,2074
350 ,2075
350 ,2076
350 ,2077
350 ,2078
350 ,2079
350 ,2080
350 ,2081
350 ,2082
350 ,2083
350 ,2084
350 ,2085
350 ,2086
350 ,2087
350 ,2088
350 ,2089
350 ,2090
350 ,2091
350 ,2092
350 ,2093
350 ,2094
350 ,2095
350 ,2096
350 ,2097
350 ,2098
350 ,2099
350 ,2100
350 ,2101
350 ,2102
350 ,2103
350 ,2104
350 ,2105
350 ,2106
350 ,2107
350 ,2108
350 ,2109
350 ,2110
350 ,2111
350 ,2112
350 ,2113
350 ,2114
350 ,2115
350 ,2116
350 ,2117
351 ,2118
352 ,2119
352 ,2120
352 ,2121
352 ,2122
352 ,2123
352 ,2124
352 ,2125
352 ,2126
352 ,2127
352 ,2128
352 ,2129
352 ,2130
352 ,2131
352 ,2132
352 ,2133
352 ,2134
352 ,2135
352 ,2136
352 ,2137
352 ,2138
352 ,2139
352 ,2140
352 ,2141
353 ,2142
354 ,2143
355 ,2144
356 ,2145
357 ,2146
357 ,2147
357 ,2148
357 ,2149
357 ,2150
357 ,2151
357 ,2152
358 ,2153
359 ,2154
359 ,2155
359 ,2156
359 ,2157
359 ,2158
359 ,2159
359 ,2160
359 ,2161
359 ,2162
360 ,2163
361 ,2164
362 ,2165
362 ,2166
362 ,2167
362 ,2168
362 ,2169
362 ,2170
362 ,2171
362 ,2172
362 ,2173
362 ,2174
362 ,2175
362 ,2176
363 ,2177
364 ,2178
365 ,2179
366 ,2180
366 ,2181
366 ,2182
366 ,2183
366 ,2184
366 ,2185
367 ,2186
368 ,2187
369 ,2188
369 ,2189
369 ,2190
369 ,2191
369 ,2192
369 ,2193
369 ,2194
369 ,2195
369 ,2196
369 ,2197
369 ,2198
369 ,2199
369 ,2200
369 ,2201
369 ,2202
369 ,2203
369 ,2204
369 ,2205
369 ,2206
370 ,2207
371 ,2208
371 ,2209
371 ,2210
371 ,2211
371 ,2212
371 ,2213
371 ,2214
371 ,2215
372 ,2216
373 ,2217
373 ,2218
373 ,2219
373 ,2220
373 ,2221
373 ,2222
373 ,2223
373 ,2224
373 ,2225
374 ,2226
375 ,2227
376 ,2228
376 ,2229
376 ,2230
376 ,2231
376 ,2232
376 ,2233
376 ,2234
376 ,2235
376 ,2236
377 ,2237
378 ,2238
378 ,2239
378 ,2240
378 ,2241
378 ,2242
378 ,2243
378 ,2244
378 ,2245
378 ,2246
378 ,2247
378 ,2248
378 ,2249
378 ,2250
378 ,2251
378 ,2252
378 ,2253
378 ,2254
378 ,2255
378 ,2256
378 ,2257
378 ,2258
378 ,2259
378 ,2260
378 ,2261
378 ,2262
378 ,2263
378 ,2264
378 ,2265
378 ,2266
378 ,2267
378 ,2268
378 ,2269
378 ,2270
378 ,2271
378 ,2272
378 ,2273
378 ,2274
378 ,2275
378 ,2276
378 ,2277
378 ,2278
378 ,2279
378 ,2280
378 ,2281
378 ,2282
378 ,2283
377 ,2284
376 ,2285
376 ,2286
376 ,2287
376 ,2288
376 ,2289
376 ,2290
376 ,2291
376 ,2292
376 ,2293
376 ,2294
376 ,2295
376 ,2296
376 ,2297
376 ,2298
376 ,2299
376 ,2300
376 ,2301
375 ,2302
374 ,2303
373 ,2304
373 ,2305
373 ,2306
373 ,2307
373 ,2308
373 ,2309
373 ,2310
373 ,2311
373 ,2312
373 ,2313
373 ,2314
373 ,2315
373 ,2316
373 ,2317
373 ,2318
373 ,2319
373 ,2320
372 ,2321
371 ,2322
371 ,2323
371 ,2324
371 ,2325
371 ,2326
371 ,2327
371 ,2328
371 ,2329
371 ,2330
371 ,2331
371 ,2332
371 ,2333
371 ,2334
371 ,2335
371 ,2336
371 ,2337
371 ,2338
371 ,2339
371 ,2340
371 ,2341
371 ,2342
371 ,2343
371 ,2344
370 ,2345
369 ,2346
369 ,2347
369 ,2348
369 ,2349
369 ,2350
369 ,2351
369 ,2352
369 ,2353
369 ,2354
369 ,2355
369 ,2356
369 ,2357
369 ,2358
369 ,2359
368 ,2360
367 ,2361
366 ,2362
366 ,2363
366 ,2364
366 ,2365
366 ,2366
366 ,2367
366 ,2368
366 ,2369
366 ,2370
366 ,2371
366 ,2372
366 ,2373
366 ,2374
366 ,2375
366 ,2376
366 ,2377
366 ,2378
366 ,2379
366 ,2380
366 ,2381
366 ,2382
366 ,2383
366 ,2384
366 ,2385
366 ,2386
366 ,2387
366 ,2388
366 ,2389
366 ,2390
366 ,2391
366 ,2392
366 ,2393
366 ,2394
366 ,2395
366 ,2396
366 ,2397
366 ,2398
366 ,2399
366 ,2400
366 ,2401
366 ,2402
366 ,2403
366 ,2404
366 ,2405
366 ,2406
366 ,2407
366 ,2408
366 ,2409
366 ,2410
366 ,2411
366 ,2412
366 ,2413
366 ,2414
366 ,2415
366 ,2416
366 ,2417
366 ,2418
366 ,2419
366 ,2420
366 ,2421
367 ,2422
368 ,2423
369 ,2424
369 ,2425
369 ,2426
369 ,2427
369 ,2428
369 ,2429
369 ,2430
369 ,2431
369 ,2432
369 ,2433
369 ,2434
369 ,2435
370 ,2436
371 ,2437
371 ,2438
371 ,2439
371 ,2440
371 ,2441
371 ,2442
371 ,2443
371 ,2444
371 ,2445
371 ,2446
371 ,2447
371 ,2448
371 ,2449
371 ,2450
371 ,2451
371 ,2452
371 ,2453
372 ,2454
373 ,2455
373 ,2456
373 ,2457
373 ,2458
373 ,2459
373 ,2460
373 ,2461
373 ,2462
373 ,2463
374 ,2464
375 ,2465
376 ,2466
376 ,2467
376 ,2468
376 ,2469
376 ,2470
376 ,2471
376 ,2472
376 ,2473
376 ,2474
376 ,2475
376 ,2476
376 ,2477
376 ,2478
376 ,2479
376 ,2480
376 ,2481
376 ,2482
376 ,2483
376 ,2484
376 ,2485
376 ,2486
376 ,2487
376 ,2488
376 ,2489
376 ,2490
375 ,2491
374 ,2492
373 ,2493
373 ,2494
373 ,2495
373 ,2496
373 ,2497
373 ,2498
373 ,2499
373 ,2500
373 ,2501
373 ,2502
373 ,2503
373 ,2504
373 ,2505
373 ,2506
373 ,2507
372 ,2508
371 ,2509
371 ,2510
371 ,2511
371 ,2512
371 ,2513
371 ,2514
370 ,2515
369 ,2516
369 ,2517
369 ,2518
368 ,2519
367 ,2520
366 ,2521
366 ,2522
366 ,2523
366 ,2524
365 ,2525
364 ,2526
363 ,2527
362 ,2528
362 ,2529
361 ,2530
360 ,2531
359 ,2532
359 ,2533
358 ,2534
357 ,2535
356 ,2536
355 ,2537
355 ,2538
355 ,2539
355 ,2540
355 ,2541
355 ,2542
355 ,2543
354 ,2544
353 ,2545
352 ,2546
352 ,2547
352 ,2548
352 ,2549
352 ,2550
352 ,2551
352 ,2552
352 ,2553
352 ,2554
352 ,2555
352 ,2556
351 ,2557
350 ,2558
350 ,2559
350 ,2560
350 ,2561
350 ,2562
350 ,2563
349 ,2564
348 ,2565
348 ,2566
348 ,2567
348 ,2568
348 ,2569
348 ,2570
347 ,2570
346 ,2570
345 ,2570
344 ,2570
343 ,2570
342 ,2570
341 ,2570
340 ,2570
339 ,2570
338 ,2570
337 ,2570
336 ,2570
335 ,2570
334 ,2570
333 ,2570
332 ,2570
331 ,2570
330 ,2570
329 ,2570
328 ,2570
327 ,2570
326 ,2570
325 ,2570
324 ,2570
323 ,2570
322 ,2570
321 ,2570
320 ,2570
319 ,2570
318 ,2570
317 ,2570
316 ,2570
315 ,2570
314 ,2570
313 ,2570
312 ,2570
311 ,2570
310 ,2570
309 ,2570
308 ,2570
307 ,2570
306 ,2570
305 ,2570
304 ,2570
303 ,2570
302 ,2570
301 ,2570
300 ,2570
299 ,2570
298 ,2570
297 ,2570
296 ,2570
295 ,2570
294 ,2570
293 ,2570
292 ,2570
291 ,2570
290 ,2570
289 ,2570
288 ,2570
287 ,2570
286 ,2570
285 ,2570
284 ,2570
283 ,2570
282 ,2570
281 ,2570
280 ,2570
279 ,2570
278 ,2570
277 ,2570
276 ,2570
275 ,2570
274 ,2570
273 ,2570
272 ,2570
271 ,2570
270 ,2570
269 ,2570
268 ,2570
267 ,2570
266 ,2570
265 ,2570
264 ,2570
263 ,2570
262 ,2570
261 ,2570
260 ,2570
259 ,2570
258 ,2570
257 ,2570
256 ,2570
255 ,2570
254 ,2570
253 ,2570
252 ,2570
251 ,2570
250 ,2570
249 ,2570
248 ,2570
247 ,2570
246 ,2570
245 ,2570
244 ,2570
243 ,2570
242 ,2570
241 ,2570
240 ,2570
239 ,2570
238 ,2570
237 ,2570
236 ,2570
235 ,2570
234 ,2570
233 ,2570
232 ,2570
231 ,2570
230 ,2570
229 ,2570
228 ,2570
227 ,2570
226 ,2570
225 ,2570
224 ,2570
223 ,2570
222 ,2570
221 ,2570
220 ,2570
219 ,2570
218 ,2570
217 ,2570
216 ,2570
215 ,2570
214 ,2570
213 ,2570
212 ,2570
211 ,2570
210 ,2570
209 ,2570
208 ,2570
207 ,2570
206 ,2570
205 ,2570
204 ,2570
203 ,2570
202 ,2569
202 ,2568
202 ,2567
201 ,2566
200 ,2565
199 ,2564
198 ,2563
197 ,2562
196 ,2561
195 ,2560
194 ,2559
193 ,2558
192 ,2557
191 ,2556
190 ,2556
189 ,2556
188 ,2556
187 ,2556
186 ,2556
185 ,2556
184 ,2555
184 ,2554
184 ,2553
183 ,2552
183 ,2551
182 ,2550
182 ,2549
182 ,2548
181 ,2547
181 ,2546
180 ,2545
180 ,2544
180 ,2543
179 ,2542
179 ,2541
178 ,2540
178 ,2539
177 ,2538
177 ,2537
177 ,2536
176 ,2535
176 ,2534
175 ,2533
175 ,2532
175 ,2531
174 ,2530
174 ,2529
173 ,2528
173 ,2527
173 ,2526
172 ,2525
172 ,2524
171 ,2523
171 ,2522
170 ,2521
170 ,2520
170 ,2519
169 ,2518
169 ,2517
168 ,2516
168 ,2515
168 ,2514
167 ,2513
167 ,2512
166 ,2511
166 ,2510
166 ,2509
165 ,2508
165 ,2507
164 ,2506
164 ,2505
163 ,2504
163 ,2503
163 ,2502
162 ,2501
162 ,2500
161 ,2499
161 ,2498
161 ,2497
160 ,2496
160 ,2495
159 ,2494
159 ,2493
158 ,2492
158 ,2491
158 ,2490
157 ,2489
157 ,2488
156 ,2487
156 ,2486
156 ,2485
155 ,2484
155 ,2483
154 ,2482
153 ,2481
153 ,2480
153 ,2479
153 ,2478
153 ,2477
152 ,2476
152 ,2475
152 ,2474
151 ,2473
151 ,2472
150 ,2471
149 ,2470
148 ,2469
148 ,2468
148 ,2467
148 ,2466
148 ,2465
147 ,2464
147 ,2463
147 ,2462
146 ,2461
146 ,2460
145 ,2459
145 ,2458
144 ,2457
144 ,2456
144 ,2455
143 ,2454
143 ,2453
143 ,2452
142 ,2451
142 ,2450
141 ,2449
141 ,2448
140 ,2447
140 ,2446
139 ,2445
139 ,2444
139 ,2443
138 ,2442
138 ,2441
138 ,2440
138 ,2439
138 ,2438
138 ,2437
138 ,2436
138 ,2435
138 ,2434
137 ,2433
137 ,2432
137 ,2431
137 ,2430
137 ,2429
137 ,2428
137 ,2427
137 ,2426
137 ,2425
136 ,2424
136 ,2423
136 ,2422
136 ,2421
136 ,2420
136 ,2419
135 ,2418
135 ,2417
135 ,2416
135 ,2415
135 ,2414
135 ,2413
135 ,2412
135 ,2411
135 ,2410
135 ,2409
135 ,2408
135 ,2407
134 ,2406
134 ,2405
134 ,2404
134 ,2403
134 ,2402
134 ,2401
134 ,2400
134 ,2399
134 ,2398
134 ,2397
134 ,2396
134 ,2395
134 ,2394
134 ,2393
134 ,2392
134 ,2391
134 ,2390
134 ,2389
134 ,2388
134 ,2387
134 ,2386
134 ,2385
134 ,2384
134 ,2383
134 ,2382
134 ,2381
133 ,2380
133 ,2379
133 ,2378
133 ,2377
133 ,2376
133 ,2375
133 ,2374
133 ,2373
133 ,2372
133 ,2371
133 ,2370
133 ,2369
133 ,2368
133 ,2367
132 ,2366
132 ,2365
132 ,2364
132 ,2363
132 ,2362
132 ,2361
132 ,2360
132 ,2359
132 ,2358
132 ,2357
132 ,2356
132 ,2355
132 ,2354
132 ,2353
131 ,2352
131 ,2351
131 ,2350
131 ,2349
131 ,2348
131 ,2347
131 ,2346
131 ,2345
131 ,2344
131 ,2343
131 ,2342
131 ,2341
131 ,2340
131 ,2339
131 ,2338
130 ,2337
130 ,2336
130 ,2335
130 ,2334
130 ,2333
130 ,2332
130 ,2331
130 ,2330
130 ,2329
130 ,2328
130 ,2327
130 ,2326
130 ,2325
130 ,2324
130 ,2323
130 ,2322
130 ,2321
129 ,2320
129 ,2319
129 ,2318
129 ,2317
129 ,2316
129 ,2315
129 ,2314
129 ,2313
129 ,2312
129 ,2311
129 ,2310
129 ,2309
129 ,2308
129 ,2307
129 ,2306
129 ,2305
129 ,2304
129 ,2303
129 ,2302
129 ,2301
128 ,2300
128 ,2299
128 ,2298
128 ,2297
128 ,2296
128 ,2295
128 ,2294
128 ,2293
128 ,2292
128 ,2291
128 ,2290
128 ,2289
128 ,2288
128 ,2287
128 ,2286
128 ,2285
128 ,2284
128 ,2283
128 ,2282
128 ,2281
128 ,2280
128 ,2279
128 ,2278
128 ,2277
128 ,2276
127 ,2275
127 ,2274
127 ,2273
127 ,2272
127 ,2271
127 ,2270
127 ,2269
127 ,2268
127 ,2267
127 ,2266
127 ,2265
127 ,2264
127 ,2263
127 ,2262
127 ,2261
127 ,2260
127 ,2259
127 ,2258
127 ,2257
127 ,2256
127 ,2255
127 ,2254
127 ,2253
127 ,2252
127 ,2251
127 ,2250
127 ,2249
127 ,2248
127 ,2247
127 ,2246
127 ,2245
127 ,2244
127 ,2243
127 ,2242
127 ,2241
127 ,2240
127 ,2239
127 ,2238
127 ,2237
127 ,2236
127 ,2235
127 ,2234
127 ,2233
127 ,2232
127 ,2231
126 ,2230
126 ,2229
126 ,2228
126 ,2227
126 ,2226
126 ,2225
126 ,2224
126 ,2223
126 ,2222
126 ,2221
126 ,2220
126 ,2219
126 ,2218
126 ,2217
126 ,2216
126 ,2215
126 ,2214
126 ,2213
126 ,2212
126 ,2211
126 ,2210
126 ,2209
126 ,2208
126 ,2207
126 ,2206
126 ,2205
126 ,2204
126 ,2203
126 ,2202
126 ,2201
126 ,2200
126 ,2199
126 ,2198
126 ,2197
126 ,2196
126 ,2195
126 ,2194
126 ,2193
126 ,2192
126 ,2191
126 ,2190
126 ,2189
126 ,2188
126 ,2187
126 ,2186
126 ,2185
126 ,2184
126 ,2183
126 ,2182
126 ,2181
126 ,2180
126 ,2179
126 ,2178
126 ,2177
126 ,2176
126 ,2175
126 ,2174
126 ,2173
126 ,2172
126 ,2171
126 ,2170
126 ,2169
126 ,2168
126 ,2167
126 ,2166
126 ,2165
126 ,2164
126 ,2163
126 ,2162
126 ,2161
126 ,2160
126 ,2159
126 ,2158
126 ,2157
126 ,2156
126 ,2155
126 ,2154
126 ,2153
126 ,2152
126 ,2151
126 ,2150
126 ,2149
126 ,2148
126 ,2147
126 ,2146
126 ,2145
126 ,2144
126 ,2143
126 ,2142
126 ,2141
126 ,2140
126 ,2139
126 ,2138
126 ,2137
126 ,2136
126 ,2135
126 ,2134
126 ,2133
126 ,2132
126 ,2131
126 ,2130
126 ,2129
126 ,2128
126 ,2127
126 ,2126
126 ,2125
